{
  "project_info": {
    "project_number": "704061368751",
    "project_id": "blood-donation-61122",
    "storage_bucket": "blood-donation-61122.appspot.com"
  },
  "client": [
    {
      "client_info": {
        "mobilesdk_app_id": "1:704061368751:android:925175c655a808c8d2275a",
        "android_client_info": {
          "package_name": "com.example.blood_donor"
        }
      },
      "oauth_client": [],
      "api_key": [
        {
          "current_key": "AIzaSyAMLLheDUYIhA7NI4VYWFfBO6UqxM3mB2M"
        }
      ],
      "services": {
        "appinvite_service": {
          "other_platform_oauth_client": []
        }
      }
    },
    {
      "client_info": {
        "mobilesdk_app_id": "1:704061368751:android:1d66777e49af39acd2275a",
        "android_client_info": {
          "package_name": "com.example.lifeflow"
        }
      },
      "oauth_client": [],
      "api_key": [
        {
          "current_key": "AIzaSyAMLLheDUYIhA7NI4VYWFfBO6UqxM3mB2M"
        }
      ],
      "services": {
        "appinvite_service": {
          "other_platform_oauth_client": []
        }
      }
    },
    {
      "client_info": {
        "mobilesdk_app_id": "1:704061368751:android:85bafff8ce084542d2275a",
        "android_client_info": {
          "package_name": "com.example.untitled3"
        }
      },
      "oauth_client": [],
      "api_key": [
        {
          "current_key": "AIzaSyAMLLheDUYIhA7NI4VYWFfBO6UqxM3mB2M"
        }
      ],
      "services": {
        "appinvite_service": {
          "other_platform_oauth_client": []
        }
      }
    }
  ],
  "configuration_version": "1"
}