{"flutter":{"platforms":{"android":{"default":{"projectId":"blood-donation-61122","appId":"1:704061368751:android:1d66777e49af39acd2275a","fileOutput":"android/app/google-services.json"}},"dart":{"lib/firebase_options.dart":{"projectId":"blood-donation-61122","configurations":{"android":"1:704061368751:android:1d66777e49af39acd2275a","ios":"1:704061368751:ios:5a79491df14b7616d2275a","macos":"1:704061368751:ios:5a79491df14b7616d2275a","web":"1:704061368751:web:a63ae0dbefab6bfcd2275a","windows":"1:704061368751:web:25686a653501974dd2275a"}}}}}}